{"260105_0": [[10000, 1764723300.899337]], "217870_1": [[10000, 1764723300.89934], [1900, 1764723365.9089339]], "260407_1": [[10000, 1764723300.8993511]], "193080_1": [[4500, 1764723300.899355]], "246104_1": [[5500, 1764723300.899358]], "227678_3": [[12000, 1764723300.899362]], "245541_0": [[10000, 1764723300.899363]], "227337_1": [[10000, 1764723300.899364]], "265674_1": [[10000, 1764723300.8993669]], "258781_1": [[10000, 1764723300.899371]], "237238_1": [[10000, 1764723300.899374], [10000, 1764723300.8993769], [4900, 1764723304.994134], [4900, 1764723304.9941719], [4900, 1764723304.9942021], [10000, 1764723353.465308]], "241096_1": [[5400, 1764723300.899382]], "209499_1": [[10000, 1764723300.899385]], "265035_1": [[10000, 1764723300.8993878]], "227074_1": [[10000, 1764723300.899392]], "230872_1": [[10000, 1764723300.899395]], "244749_1": [[10000, 1764723300.8993979]], "253396_1": [[10000, 1764723300.899402]], "259532_1": [[10000, 1764723300.899405]], "273153_1": [[10000, 1764723300.8994079]], "192629_1": [[10000, 1764723304.994057]], "233246_1": [[10000, 1764723304.9940748]], "235149_1": [[10000, 1764723304.994082]], "244257_1": [[10000, 1764723304.99409]], "231416_1": [[10000, 1764723304.994097]], "235410_1": [[10000, 1764723304.9941041]], "229391_1": [[10000, 1764723304.994111], [10000, 1764723304.994119]], "234396_1": [[10000, 1764723304.994127]], "272094_1": [[10000, 1764723304.994143]], "247394_1": [[10000, 1764723304.9941509], [1900, 1764723365.90894]], "253149_1": [[10000, 1764723304.994158]], "222492_1": [[10000, 1764723304.994165]], "241084_1": [[5900, 1764723304.9941812]], "202811_1": [[4900, 1764723304.994188], [4900, 1764723304.994271], [4900, 1764723316.906135], [4900, 1764723316.9061928]], "194765_1": [[4900, 1764723304.994195], [4900, 1764723316.9061792], [4900, 1764723365.908928], [4900, 1764723365.908963], [4900, 1764723365.9089742]], "210257_1": [[6900, 1764723304.994287]], "226997_3": [[11500, 1764723316.9061482], [13250, 1764723380.018999]], "237678_1": [[7900, 1764723316.9061499]], "208128_1": [[8900, 1764723316.906154]], "230899_1": [[6100, 1764723316.906157]], "245367_1": [[10000, 1764723316.90616]], "186942_1": [[10000, 1764723316.906163], [1900, 1764723365.908993]], "229905_1": [[10000, 1764723316.906167]], "265249_1": [[4200, 1764723316.9061708], [5900, 1764723316.906189], [4900, 1764723316.906197], [4900, 1764723316.906208], [4900, 1764723316.906212], [4900, 1764723370.3194602], [4900, 1764723370.319493]], "265340_0": [[4900, 1764723316.906174]], "80170_1": [[4900, 1764723316.906175]], "229558_1": [[4900, 1764723316.9061818], [5900, 1764723316.9061859], [4900, 1764723316.906204], [4900, 1764723370.3195121]], "215914_1": [[4900, 1764723316.9062011]], "230767_1": [[950, 1764723345.49405]], "192505_1": [[1800, 1764723345.494082], [1800, 1764723345.4940858], [1800, 1764723345.494106], [1800, 1764723345.494118], [1800, 1764723345.494122], [1800, 1764723345.494174], [1800, 1764723345.49419], [1800, 1764723345.494196], [1800, 1764723345.494208], [1900, 1764723349.811272], [1800, 1764723349.811279], [1800, 1764723349.811286], [1800, 1764723349.811293], [1800, 1764723349.8113081], [1800, 1764723349.811347], [1800, 1764723349.8113642], [1800, 1764723353.465333], [1800, 1764723353.4653509], [1800, 1764723353.4653592], [1800, 1764723353.465367], [1800, 1764723353.465376], [1800, 1764723353.465405]], "256675_1": [[1800, 1764723345.494091], [1800, 1764723345.4940941], [1800, 1764723345.494098], [1800, 1764723345.494102], [1800, 1764723345.4941099], [1800, 1764723345.494184], [1800, 1764723345.4942021], [1800, 1764723345.4942138], [1800, 1764723345.494296], [1800, 1764723345.4943051], [1800, 1764723345.494312], [1800, 1764723349.8112571], [1800, 1764723349.8113012], [1800, 1764723349.811315], [1800, 1764723349.811323], [1800, 1764723349.811331], [1800, 1764723349.811339], [1800, 1764723349.8113549], [1800, 1764723349.811372], [1800, 1764723349.811382], [1800, 1764723349.811392], [1800, 1764723349.811401], [1800, 1764723349.8114219], [1800, 1764723353.465319], [1800, 1764723353.4653409], [1800, 1764723353.465385], [1800, 1764723353.465396]], "263578_1": [[2400, 1764723349.811432], [2500, 1764723353.4652858], [2500, 1764723353.46529], [2500, 1764723353.465297], [3900, 1764723361.123384]], "212616_1": [[1800, 1764723349.811436]], "272505_1": [[2500, 1764723353.465271]], "233096_1": [[5600, 1764723353.465281], [3400, 1764723353.4652941], [3400, 1764723353.465301]], "221697_1": [[10000, 1764723353.465305]], "207410_1": [[950, 1764723353.465316], [10000, 1764723386.710023]], "198176_1": [[1800, 1764723353.465329]], "247090_1": [[2800, 1764723361.1233652]], "224371_1": [[1500, 1764723361.1233761], [10000, 1764723390.160672]], "204935_1": [[3900, 1764723361.12338]], "242516_1": [[3900, 1764723361.123395], [2900, 1764723361.123462], [2900, 1764723361.1234848], [2900, 1764723365.908889]], "245882_1": [[4900, 1764723361.1234062]], "239231_1": [[2900, 1764723361.1234171]], "267238_1": [[2900, 1764723361.123429]], "241637_1": [[2900, 1764723361.12344], [3900, 1764723361.123499]], "167495_1": [[2900, 1764723361.123451], [10000, 1764723380.01898]], "264947_1": [[2900, 1764723361.123474]], "193698_1": [[1900, 1764723361.123512]], "252154_1": [[2900, 1764723361.123523], [2900, 1764723361.1235871]], "237692_1": [[4900, 1764723361.123534]], "266973_1": [[2900, 1764723361.1235452]], "236610_1": [[1900, 1764723361.1235561], [10000, 1764723380.019032]], "186153_1": [[2900, 1764723361.123568]], "259583_1": [[1900, 1764723365.9089038]], "251852_1": [[4600, 1764723365.908909]], "212218_1": [[1500, 1764723365.9089139]], "251752_1": [[2900, 1764723365.908919], [2900, 1764723365.9089541], [2900, 1764723370.319503], [2900, 1764723370.3195462]], "248550_1": [[2900, 1764723365.9089239], [2900, 1764723370.319521]], "240243_1": [[2900, 1764723365.9089448]], "259372_1": [[2900, 1764723365.908949]], "248794_1": [[2900, 1764723365.908959]], "262330_1": [[1900, 1764723365.908969]], "213345_1": [[1900, 1764723365.908983]], "259307_1": [[3900, 1764723365.908988]], "228251_0": [[3900, 1764723365.909]], "208920_1": [[1900, 1764723365.909002]], "220697_1": [[3900, 1764723370.3194501], [3900, 1764723370.319542], [10000, 1764723386.71014]], "237679_1": [[2900, 1764723370.319469]], "235805_1": [[1900, 1764723370.3194728], [1900, 1764723370.319534], [1900, 1764723370.3195379]], "266032_1": [[2900, 1764723370.319477]], "257279_1": [[2900, 1764723370.3194811], [2900, 1764723370.319508], [2900, 1764723370.319525], [10000, 1764723380.019016]], "253163_1": [[2900, 1764723370.319485]], "264240_1": [[1900, 1764723370.319489]], "220793_1": [[2900, 1764723370.319499]], "238470_1": [[2900, 1764723370.319517]], "247246_1": [[2900, 1764723370.31953]], "216354_1": [[10000, 1764723380.0189939]], "232580_1": [[20000, 1764723380.019], [14500, 1764723386.710061], [14500, 1764723390.160741], [16500, 1764723390.1607502]], "234671_0": [[10000, 1764723380.0190048]], "227353_1": [[10000, 1764723380.019007]], "243908_3": [[12500, 1764723380.019011]], "210514_1": [[10000, 1764723380.0190122]], "272204_3": [[15000, 1764723380.0190148]], "246172_0": [[10000, 1764723380.019021]], "265536_1": [[10000, 1764723380.019022]], "209846_0": [[10000, 1764723380.0190258]], "244263_1": [[10000, 1764723380.019027]], "261307_0": [[10000, 1764723380.019031]], "226851_3": [[19750, 1764723380.0190358]], "215590_1": [[10000, 1764723380.019037]], "239761_1": [[10000, 1764723380.019041], [10000, 1764723390.160686]], "220876_0": [[10000, 1764723380.0190442]], "264864_1": [[10000, 1764723380.019045]], "224411_0": [[10000, 1764723386.710019]], "221671_0": [[10000, 1764723386.710038]], "238095_1": [[10000, 1764723386.71004]], "231677_1": [[8100, 1764723386.710047]], "257368_0": [[10000, 1764723386.7100532]], "216435_1": [[10000, 1764723386.7100549]], "239837_1": [[12500, 1764723386.710068]],